City_ID,City,Lat,Lng,Max Temp,Humidity,Cloudiness,Wind Speed,Current Description,Date
0,Mahebourg,-20.41,57.7,69.8,73,75,17.22,Clouds,2020-08-02 19:07:20
1,Nanortalik,60.14,-45.24,47.73,90,85,12.21,Clouds,2020-08-02 19:09:10
2,Exeter,50.72,-3.53,63.0,63,20,10.29,Clouds,2020-08-02 19:09:10
3,Caravelas,-17.71,-39.25,73.31,70,1,12.06,Rain,2020-08-02 19:08:11
4,Busselton,-33.65,115.33,43.0,98,78,10.63,Clouds,2020-08-02 19:09:11
5,Punta Arenas,-53.15,-70.92,44.6,65,0,20.8,Clear,2020-08-02 19:07:31
6,Kapaa,22.08,-159.32,80.6,69,1,11.41,Clear,2020-08-02 19:07:21
7,Cepu,-7.15,111.59,73.53,72,67,5.73,Clouds,2020-08-02 19:09:11
8,Ushuaia,-54.8,-68.3,41.0,75,40,24.16,Clouds,2020-08-02 19:06:55
9,Cape Town,-33.93,18.42,61.0,87,0,10.29,Clear,2020-08-02 19:06:34
10,Kenitra,34.26,-6.58,78.8,69,0,6.93,Clear,2020-08-02 19:08:32
11,Oktyabrskoye,43.06,44.74,64.4,100,100,6.71,Rain,2020-08-02 19:09:11
12,Pesqueira,-8.36,-36.7,73.27,67,97,16.13,Clouds,2020-08-02 19:09:12
13,Bredasdorp,-34.53,20.04,51.8,93,0,4.7,Clear,2020-08-02 19:07:33
14,Bluff,-46.6,168.33,46.51,95,41,5.57,Clouds,2020-08-02 19:07:47
15,Tiksi,71.69,128.87,42.8,90,100,5.19,Clouds,2020-08-02 19:07:23
16,Vaini,-21.2,-175.2,73.4,88,75,9.17,Clouds,2020-08-02 19:09:12
17,Hermanus,-34.42,19.23,61.2,66,0,4.47,Clear,2020-08-02 19:07:22
18,Rikitea,-23.12,-134.97,72.84,75,92,12.86,Clouds,2020-08-02 19:07:33
19,Ketchikan,55.34,-131.65,60.8,93,90,12.75,Clouds,2020-08-02 19:09:12
20,Lagoa,39.05,-27.98,71.82,75,0,13.42,Clear,2020-08-02 19:03:03
21,Albany,42.6,-73.97,80.01,67,32,13.4,Clouds,2020-08-02 19:07:24
22,Mangan,27.52,88.53,78.03,60,100,1.03,Rain,2020-08-02 19:09:13
23,Digapahandi,19.37,84.58,83.41,77,94,3.53,Clouds,2020-08-02 19:09:13
24,Chicama,-7.84,-79.15,72.54,56,25,9.93,Clouds,2020-08-02 19:09:13
25,Barrow,71.29,-156.79,39.2,80,90,11.41,Clouds,2020-08-02 19:07:18
26,Thompson,55.74,-97.86,75.2,38,20,4.7,Clouds,2020-08-02 19:03:06
27,Gumdag,39.21,54.59,92.32,13,0,11.01,Clear,2020-08-02 19:09:13
28,Ouallam,14.32,2.09,89.53,44,90,10.04,Clouds,2020-08-02 19:09:14
29,Chokurdakh,70.63,147.92,49.03,68,100,4.56,Clouds,2020-08-02 19:07:21
30,Paamiut,61.99,-49.67,45.28,97,100,14.74,Clouds,2020-08-02 19:09:14
31,Tairua,-37.02,175.85,55.99,81,73,14.0,Rain,2020-08-02 19:09:14
32,Dikson,73.51,80.55,52.56,83,82,8.25,Clouds,2020-08-02 19:07:34
33,Hobart,-42.88,147.33,46.4,75,49,9.17,Rain,2020-08-02 19:07:31
34,Grand Gaube,-20.01,57.66,69.01,74,46,5.01,Clouds,2020-08-02 19:08:20
35,Butaritari,3.07,172.79,82.47,73,6,15.93,Clear,2020-08-02 19:07:33
36,Udachnyy,66.42,112.4,62.6,48,100,4.47,Clouds,2020-08-02 19:09:14
37,Mahibadhoo,3.78,72.97,82.51,80,100,14.07,Rain,2020-08-02 19:09:15
38,Castro,-24.79,-50.01,67.01,53,0,5.32,Clear,2020-08-02 19:07:28
39,Lebu,-37.62,-73.65,55.9,83,68,9.55,Clouds,2020-08-02 19:07:23
40,Finschhafen,-6.6,147.87,77.45,75,47,8.1,Clouds,2020-08-02 19:09:15
41,Puerto Ayora,-0.74,-90.35,75.2,69,75,16.11,Clouds,2020-08-02 19:09:15
42,Ahipara,-35.17,173.17,55.02,84,100,10.33,Clouds,2020-08-02 19:09:15
43,Victoria,22.29,114.16,80.01,83,100,10.0,Rain,2020-08-02 19:07:35
44,Ust-Kut,56.79,105.77,57.13,75,0,4.34,Clear,2020-08-02 19:09:15
45,Palana,59.12,159.97,49.64,83,0,2.19,Clear,2020-08-02 19:09:15
46,Banjar,-8.19,114.97,75.2,100,20,2.24,Clouds,2020-08-02 19:09:16
47,Hofn,64.25,-15.21,52.12,92,100,5.99,Clouds,2020-08-02 19:08:28
48,Ponta Do Sol,32.67,-17.1,72.0,70,2,6.53,Clear,2020-08-02 19:07:45
49,Rochegda,62.8,43.25,49.69,96,74,5.59,Clouds,2020-08-02 19:09:16
50,Yellowknife,62.46,-114.35,78.01,60,75,18.34,Clouds,2020-08-02 19:07:29
51,Nikolskoye,59.7,30.79,59.0,82,75,4.47,Rain,2020-08-02 19:07:24
52,Chuy,-33.7,-53.46,63.45,85,100,4.9,Clouds,2020-08-02 19:07:25
53,Lanzhou,36.06,103.79,73.99,38,100,3.76,Clouds,2020-08-02 19:09:17
54,Elko,41.0,-115.5,91.99,13,1,5.82,Clear,2020-08-02 19:02:50
55,Saint George,37.1,-113.58,96.8,15,1,3.36,Clear,2020-08-02 19:05:27
56,Atambua,-9.11,124.89,65.43,86,38,5.28,Clouds,2020-08-02 19:09:17
57,Port Macquarie,-31.43,152.92,43.0,98,6,4.5,Clear,2020-08-02 19:01:18
58,Kuhdasht,33.53,47.61,77.05,18,0,7.78,Clear,2020-08-02 19:09:17
59,Narsaq,60.92,-46.05,55.4,71,100,5.82,Drizzle,2020-08-02 19:07:26
60,Rantepao,-2.97,119.9,67.53,91,99,0.27,Clouds,2020-08-02 19:01:26
61,Port Elizabeth,-33.92,25.57,68.0,37,0,9.17,Clear,2020-08-02 19:07:44
62,Manzhouli,49.6,117.43,58.15,85,0,3.78,Clear,2020-08-02 19:04:07
63,San Ramon,37.78,-121.98,84.0,53,1,5.82,Clear,2020-08-02 19:03:27
64,Bambanglipuro,-7.95,110.28,70.38,88,61,3.2,Clouds,2020-08-02 19:03:26
65,Trincomalee,8.57,81.23,82.18,74,100,21.45,Clouds,2020-08-02 19:09:18
66,Ternate,0.8,127.4,79.74,80,100,5.08,Rain,2020-08-02 19:01:48
67,Rundu,-17.93,19.77,59.49,32,0,5.3,Clear,2020-08-02 19:09:18
68,Touros,-5.2,-35.46,82.4,69,40,11.41,Clouds,2020-08-02 19:09:19
69,Qaanaaq,77.48,-69.36,38.61,82,100,13.15,Clouds,2020-08-02 19:09:19
70,Jian,27.12,114.98,80.38,76,1,3.65,Clear,2020-08-02 19:09:19
71,Salalah,17.02,54.09,82.4,83,40,3.36,Clouds,2020-08-02 19:09:19
72,Kuminskiy,58.67,66.57,69.78,70,0,7.72,Clear,2020-08-02 19:09:19
73,Mar Del Plata,-38.0,-57.56,60.8,55,100,10.29,Clouds,2020-08-02 19:07:39
74,Lavrentiya,65.58,-171.0,46.06,72,64,8.57,Clouds,2020-08-02 19:07:53
75,Atuona,-9.8,-139.03,78.62,75,1,16.87,Clear,2020-08-02 19:07:24
76,Davila,18.47,120.58,80.6,83,90,2.24,Rain,2020-08-02 19:02:10
77,Hilo,19.73,-155.09,77.0,73,90,8.05,Clouds,2020-08-02 19:07:18
78,Saint-Philippe,-21.36,55.77,69.8,60,90,12.75,Clouds,2020-08-02 19:07:26
79,Port Hardy,50.7,-127.42,57.2,93,90,2.24,Rain,2020-08-02 19:07:34
80,Hami,42.8,93.45,82.65,15,100,3.87,Clouds,2020-08-02 19:07:59
81,Tilichiki,60.47,166.1,50.52,81,77,3.49,Clouds,2020-08-02 19:09:20
82,Mataura,-46.19,168.86,47.03,95,92,1.88,Clouds,2020-08-02 19:07:17
83,Houma,29.6,-90.72,88.0,94,40,8.05,Thunderstorm,2020-08-02 18:59:16
84,Jamestown,42.1,-79.24,72.0,88,90,13.87,Rain,2020-08-02 19:07:23
85,Trairi,-3.28,-39.27,83.25,64,3,14.25,Clear,2020-08-02 19:09:20
86,Asosa,10.07,34.53,62.11,100,69,1.72,Rain,2020-08-02 19:09:21
87,Mirador,-6.37,-44.36,93.38,30,8,7.49,Clear,2020-08-02 19:09:21
88,Kerema,-7.96,145.78,74.64,85,93,2.59,Clouds,2020-08-02 19:09:21
89,Kuusamo,65.97,29.18,53.6,81,20,4.7,Clouds,2020-08-02 19:09:21
90,Ewa Beach,21.32,-158.01,80.6,61,20,8.05,Clouds,2020-08-02 19:01:43
91,New Norfolk,-42.78,147.06,46.0,85,96,4.92,Rain,2020-08-02 19:09:21
92,Souillac,-20.52,57.52,69.8,73,75,17.22,Clouds,2020-08-02 19:07:27
93,Dayong,25.02,118.29,82.4,83,20,4.47,Clouds,2020-08-02 19:09:22
94,Lapuan,6.14,125.7,78.91,81,100,6.64,Rain,2020-08-02 19:09:22
95,Necochea,-38.55,-58.74,54.0,82,74,8.01,Clouds,2020-08-02 19:09:22
96,Humaita,-7.51,-63.02,98.19,19,28,4.09,Clouds,2020-08-02 19:09:22
97,Imbituba,-28.24,-48.67,77.0,53,4,10.29,Clear,2020-08-02 19:03:47
98,Gazanjyk,39.24,55.52,91.81,13,0,11.9,Clear,2020-08-02 19:09:22
99,Cabo San Lucas,22.89,-109.91,95.0,49,20,10.29,Clouds,2020-08-02 19:05:59
100,Bengkulu,-3.8,102.27,76.01,91,32,5.97,Rain,2020-08-02 19:07:22
101,Umm Lajj,25.02,37.27,88.74,63,1,5.28,Clear,2020-08-02 19:09:23
102,Kropotkin,45.44,40.58,65.82,60,11,5.01,Clouds,2020-08-02 19:09:23
103,Tasiilaq,65.61,-37.64,50.0,61,0,14.99,Clear,2020-08-02 19:09:23
104,Los Llanos De Aridane,28.66,-17.92,75.99,78,20,16.11,Clouds,2020-08-02 19:09:23
105,Vestmannaeyjar,63.44,-20.27,51.8,87,75,20.8,Clouds,2020-08-02 19:07:40
106,Saskylakh,71.92,114.08,60.73,74,43,4.85,Rain,2020-08-02 19:08:17
107,Clyde River,70.47,-68.59,60.8,51,75,8.05,Clouds,2020-08-02 19:07:54
108,Kruisfontein,-34.0,24.73,65.7,27,0,9.51,Clear,2020-08-02 19:07:47
109,Bambous Virieux,-20.34,57.76,69.8,73,75,17.22,Clouds,2020-08-02 19:08:08
110,Saldanha,-33.01,17.94,59.0,72,0,2.24,Clear,2020-08-02 19:08:00
111,Izumo,35.37,132.77,78.8,94,75,3.36,Clouds,2020-08-02 19:01:42
112,Aklavik,68.22,-135.01,51.8,93,90,6.93,Clouds,2020-08-02 19:07:27
113,Coos Bay,43.37,-124.22,77.0,77,1,9.17,Clear,2020-08-02 19:09:24
114,Upington,-28.45,21.26,64.4,20,0,5.82,Clear,2020-08-02 19:09:24
115,Nuuk,64.18,-51.72,48.2,93,90,4.7,Clouds,2020-08-02 19:07:24
116,Surt,31.21,16.59,80.62,78,0,8.99,Clear,2020-08-02 19:09:24
117,Kununurra,-15.77,128.73,55.4,43,92,4.59,Clouds,2020-08-02 19:09:24
118,Ahuimanu,21.44,-157.84,82.0,69,75,9.17,Clouds,2020-08-02 19:09:25
119,Koygorodok,60.45,51.0,49.05,96,100,6.69,Clouds,2020-08-02 19:09:25
120,Cidreira,-30.18,-50.21,65.41,64,100,8.93,Clouds,2020-08-02 19:07:44
121,Meulaboh,4.14,96.13,78.01,79,100,2.57,Clouds,2020-08-02 19:07:56
122,Port Alfred,-33.59,26.89,72.95,24,0,8.95,Clear,2020-08-02 19:07:25
123,Nouadhibou,20.93,-17.03,75.2,78,0,25.28,Clear,2020-08-02 19:07:51
124,Ostrovnoy,68.05,39.51,49.86,86,100,11.03,Clouds,2020-08-02 19:09:25
125,Santa Quiteria,-4.33,-40.16,93.11,33,34,8.86,Clouds,2020-08-02 19:09:25
126,Mayumba,-3.43,10.66,72.75,80,93,6.78,Clouds,2020-08-02 19:09:25
127,Jilin,43.0,126.0,66.07,88,15,2.93,Clouds,2020-08-02 19:09:25
128,Sibut,5.72,19.07,72.36,93,100,3.96,Rain,2020-08-02 19:09:26
129,Kingaroy,-26.53,151.83,37.4,100,40,2.48,Clouds,2020-08-02 19:09:26
130,Ust-Maya,60.42,134.53,51.39,72,2,2.28,Clear,2020-08-02 19:03:48
131,Ende,-8.84,121.66,70.47,72,4,2.57,Clear,2020-08-02 19:09:26
132,Champerico,14.3,-91.92,91.4,63,20,6.93,Clouds,2020-08-02 19:00:53
133,Sanchursk,56.94,47.25,52.81,92,100,2.17,Clouds,2020-08-02 19:09:26
134,Pacific Grove,36.62,-121.92,68.0,68,75,8.05,Clouds,2020-08-02 19:07:30
135,Puerto Ayacucho,5.66,-67.62,86.0,66,40,6.93,Clouds,2020-08-02 19:09:26
136,Tuktoyaktuk,69.45,-133.04,48.2,81,90,16.11,Rain,2020-08-02 19:03:06
137,Longyearbyen,78.22,15.64,50.0,81,20,2.24,Clouds,2020-08-02 19:08:08
138,Tommot,58.96,126.29,51.44,80,100,3.74,Clouds,2020-08-02 19:03:15
139,Krasavino,60.96,46.48,48.97,94,0,5.41,Clear,2020-08-02 19:09:27
140,Ilulissat,69.22,-51.1,50.0,61,20,5.82,Clouds,2020-08-02 19:08:03
141,Kaitangata,-46.28,169.85,50.0,85,100,3.83,Clouds,2020-08-02 19:07:17
142,Zyryanka,65.75,150.85,54.48,66,25,5.44,Clouds,2020-08-02 19:01:44
143,Hirara,24.8,125.28,83.52,82,100,33.87,Rain,2020-08-02 19:03:05
144,Silver City,32.77,-108.28,89.6,19,1,4.7,Clear,2020-08-02 19:05:06
145,Maragogi,-9.01,-35.22,76.24,76,96,13.8,Clouds,2020-08-02 19:08:09
146,Bayan,46.08,127.4,71.01,99,100,4.76,Rain,2020-08-02 19:05:09
147,Asau,46.43,26.4,57.99,86,0,0.78,Clear,2020-08-02 19:08:33
148,Creel,27.75,-107.63,75.42,32,0,14.14,Clear,2020-08-02 19:09:28
149,Qaqortoq,60.72,-46.03,55.4,71,100,5.82,Drizzle,2020-08-02 19:01:57
150,Vila Do Maio,15.13,-23.22,84.2,79,20,12.75,Clouds,2020-08-02 19:09:28
151,Provideniya,64.38,-173.3,45.64,62,100,10.76,Clouds,2020-08-02 19:08:02
152,Rosarito,32.33,-117.03,82.4,51,40,16.11,Clouds,2020-08-02 19:09:28
153,Salinopolis,-0.61,-47.36,82.76,74,5,11.12,Rain,2020-08-02 19:09:28
154,Hambantota,6.12,81.12,77.0,100,75,3.36,Clouds,2020-08-02 19:09:28
155,Kodiak,57.79,-152.41,57.2,76,1,5.82,Clear,2020-08-02 19:07:30
156,Kaeo,-35.1,173.78,55.99,3,100,3.0,Clouds,2020-08-02 19:07:22
157,Mnogovershinnyy,53.94,139.92,48.09,100,92,4.65,Clouds,2020-08-02 19:09:29
158,Ribeira Grande,38.52,-28.7,75.2,69,20,8.05,Clouds,2020-08-02 19:07:43
159,New Bedford,41.64,-70.93,82.0,74,75,16.11,Clouds,2020-08-02 19:09:29
160,Matay,28.42,30.78,88.75,18,0,6.13,Clear,2020-08-02 19:08:34
161,Vardo,70.37,31.11,50.0,87,75,10.29,Rain,2020-08-02 19:08:14
162,Acapulco,16.86,-99.89,87.8,74,20,9.17,Clouds,2020-08-02 19:07:18
163,College,64.86,-147.8,66.2,72,75,8.05,Clouds,2020-08-02 19:07:40
164,Bathsheba,13.22,-59.52,87.8,70,40,16.11,Clouds,2020-08-02 19:07:54
165,Hobyo,5.35,48.53,79.02,72,90,27.38,Clouds,2020-08-02 19:08:21
166,Huarmey,-10.07,-78.15,67.91,66,4,10.85,Clear,2020-08-02 19:09:30
167,Marovoay,-16.1,46.63,72.45,53,0,10.6,Clear,2020-08-02 19:09:30
168,Kapuskasing,49.42,-82.43,55.4,71,90,14.99,Clouds,2020-08-02 19:08:29
169,Rapid Valley,44.06,-103.15,77.0,38,1,8.05,Clear,2020-08-02 19:09:30
170,Macusani,-14.08,-70.43,55.96,31,7,9.04,Clear,2020-08-02 19:09:30
171,Waipawa,-41.41,175.52,50.0,71,53,9.17,Clouds,2020-08-02 19:09:11
172,Skjervoy,70.03,20.97,59.0,67,0,9.17,Clear,2020-08-02 19:01:07
173,Kamaishi,39.27,141.88,67.69,80,16,7.2,Clouds,2020-08-02 19:09:30
174,Mlimba,-8.8,35.82,70.38,52,16,2.42,Clouds,2020-08-02 19:00:52
175,Kenai,60.55,-151.26,57.99,93,90,6.93,Mist,2020-08-02 19:07:40
176,Kamenka,51.32,42.77,58.75,83,3,3.62,Clear,2020-08-02 19:01:20
177,Otane,-39.88,176.63,42.01,95,100,1.74,Clouds,2020-08-02 19:01:30
178,Sur,22.57,59.53,84.31,70,18,12.08,Clouds,2020-08-02 19:02:45
179,San Benedetto Del Tronto,42.95,13.88,77.0,60,55,12.06,Clouds,2020-08-02 19:09:31
180,Carnarvon,-24.87,113.63,59.0,87,2,10.29,Clear,2020-08-02 19:07:41
181,Hithadhoo,-0.6,73.08,83.05,77,55,11.68,Clouds,2020-08-02 19:07:23
182,Nishihara,26.18,127.76,84.2,83,75,17.22,Clouds,2020-08-02 19:07:45
183,Yulara,-25.24,130.99,41.0,23,0,5.82,Clear,2020-08-02 19:00:58
184,Supe,-10.8,-77.73,66.15,68,17,9.93,Clouds,2020-08-02 19:09:32
185,Avarua,-21.21,-159.78,66.2,88,0,1.12,Clear,2020-08-02 19:02:43
186,Oksfjord,70.24,22.35,59.0,76,2,4.7,Clear,2020-08-02 19:02:01
187,Tchaourou,8.89,2.6,74.66,85,100,3.8,Clouds,2020-08-02 19:09:32
188,Te Anau,-45.42,167.72,47.97,91,100,0.54,Rain,2020-08-02 19:09:32
189,Dubrovnik,42.65,18.09,80.6,51,0,5.82,Clear,2020-08-02 19:09:32
190,Smithers,54.78,-127.17,64.4,63,75,4.7,Clouds,2020-08-02 19:00:34
191,Almaznyy,48.04,40.05,68.0,68,20,4.47,Clouds,2020-08-02 19:04:08
192,Elancourt,48.78,1.96,71.01,43,10,11.41,Clear,2020-08-02 19:09:32
193,Puerto Escondido,15.85,-97.07,87.8,62,75,6.93,Clouds,2020-08-02 19:03:55
194,Dongning,44.06,131.12,68.02,91,100,4.12,Rain,2020-08-02 19:09:33
195,Bethel,41.37,-73.41,80.6,83,90,10.29,Clouds,2020-08-02 19:07:38
196,Faanui,-16.48,-151.75,78.46,80,91,13.15,Clouds,2020-08-02 19:08:02
197,Talnakh,69.49,88.4,59.0,67,97,4.47,Clouds,2020-08-02 19:08:03
198,Abeokuta,7.15,3.35,74.98,83,24,7.25,Clouds,2020-08-02 19:09:33
199,Mount Isa,-20.73,139.5,48.2,61,0,10.0,Clear,2020-08-02 19:00:13
200,Teya,60.38,92.63,54.75,71,0,0.54,Clear,2020-08-02 19:02:50
201,Pangnirtung,66.15,-65.71,50.0,93,75,10.29,Clouds,2020-08-02 19:08:13
202,Constantine,36.37,6.61,93.2,21,20,8.05,Clouds,2020-08-02 19:09:33
203,Billings,45.78,-108.5,90.0,33,20,9.17,Clouds,2020-08-02 19:08:02
204,Nantucket,41.28,-70.1,77.0,73,1,16.11,Clear,2020-08-02 19:05:09
205,Lazaro Cardenas,17.96,-102.2,87.48,63,0,9.55,Clear,2020-08-02 19:02:48
206,Pijijiapan,15.7,-93.23,90.57,61,2,7.18,Rain,2020-08-02 19:09:34
207,Zabaykalsk,49.63,117.32,58.28,84,0,4.76,Clear,2020-08-02 19:09:34
208,Andenes,69.31,16.12,60.8,82,0,13.87,Clear,2020-08-02 19:01:25
209,Zharkent,44.16,80.0,70.81,44,2,1.81,Clear,2020-08-02 19:03:40
210,Batemans Bay,-35.72,150.18,39.99,91,100,1.01,Clouds,2020-08-02 19:09:34
211,Jardim,-21.48,-56.14,89.89,25,0,7.83,Clear,2020-08-02 19:09:34
212,Komsomolskiy,40.43,71.72,77.0,41,0,6.93,Clear,2020-08-02 19:07:52
213,Faya,18.39,42.45,68.0,77,20,3.36,Clouds,2020-08-02 19:01:10
214,Ryotsu,38.08,138.43,71.6,94,100,1.12,Clouds,2020-08-02 19:09:35
215,Canatlan,24.52,-104.78,75.2,47,75,6.93,Clouds,2020-08-02 19:08:36
216,Gangapur,26.48,76.72,87.84,62,0,11.5,Clear,2020-08-02 19:09:35
217,Les Cayes,18.2,-73.75,85.19,71,100,9.75,Clouds,2020-08-02 19:09:35
218,Tokat,40.42,36.58,50.76,100,31,4.76,Clouds,2020-08-02 19:09:35
219,Mahajanga,-15.72,46.32,75.49,54,0,20.31,Clear,2020-08-02 19:08:00
220,Lompoc,34.64,-120.46,66.2,72,0,12.75,Clear,2020-08-02 19:07:26
221,Saint-Louis,16.33,-15.0,98.6,44,0,2.24,Clear,2020-08-02 19:09:36
222,Inhambane,-23.86,35.38,69.8,60,75,2.24,Clouds,2020-08-02 19:07:47
223,Khatanga,71.97,102.5,58.98,80,8,5.59,Clear,2020-08-02 19:07:29
224,Barahona,18.21,-71.1,89.6,62,20,18.34,Clouds,2020-08-02 19:09:36
225,San Jeronimo,-11.95,-75.28,66.97,23,0,2.71,Clear,2020-08-02 19:09:36
226,Kavieng,-2.57,150.8,82.06,76,0,4.74,Clear,2020-08-02 19:07:42
227,Garden City,42.33,-83.33,73.4,78,90,16.11,Rain,2020-08-02 19:09:36
228,East London,-33.02,27.91,72.57,22,0,8.46,Clear,2020-08-02 19:07:20
229,Kolondieba,11.09,-6.89,76.5,90,15,5.08,Rain,2020-08-02 19:09:36
230,Luderitz,-26.65,15.16,73.4,31,0,1.12,Clear,2020-08-02 19:08:11
231,Taltal,-25.4,-70.48,65.86,54,22,5.79,Clouds,2020-08-02 19:00:37
232,Codrington,-38.27,141.97,42.06,88,51,9.04,Clouds,2020-08-02 19:07:38
233,Karak,31.17,35.75,78.8,47,0,10.29,Clear,2020-08-02 19:09:37
234,Myaundzha,63.05,147.19,50.25,73,77,2.01,Clouds,2020-08-02 19:09:37
235,Dingle,11.0,122.67,76.53,83,100,4.0,Clouds,2020-08-02 19:07:39
236,Shimoda,34.67,138.95,68.0,94,17,1.54,Clouds,2020-08-02 19:07:43
237,Sambava,-14.27,50.17,72.36,82,99,20.13,Rain,2020-08-02 19:08:40
238,Atasu,48.68,71.64,73.69,48,2,11.86,Clear,2020-08-02 19:01:46
239,Naze,28.37,129.48,77.0,94,40,3.36,Mist,2020-08-02 19:08:05
240,Muravlenko,63.79,74.52,62.6,68,6,10.47,Clear,2020-08-02 19:09:37
241,Callaguip,18.07,120.49,80.6,83,90,2.24,Rain,2020-08-02 19:09:38
242,Katsuura,35.13,140.3,75.2,94,20,5.82,Clouds,2020-08-02 19:07:50
243,Port Blair,11.67,92.75,82.58,80,100,25.57,Rain,2020-08-02 19:07:22
244,Marsh Harbour,26.54,-77.06,83.73,78,100,26.33,Rain,2020-08-02 19:05:17
245,Vaitape,-16.52,-151.75,79.3,78,83,12.97,Clouds,2020-08-02 19:01:40
246,Constitucion,-35.33,-72.42,60.12,75,1,5.32,Clear,2020-08-02 19:07:57
247,Kirakira,-10.45,161.92,78.57,80,80,4.97,Clouds,2020-08-02 19:07:53
248,Nuevo Progreso,23.17,-97.95,91.0,54,1,4.0,Clear,2020-08-02 19:09:39
249,Raudeberg,61.99,5.14,55.4,87,75,8.05,Rain,2020-08-02 19:00:42
250,Solomenskoye,44.22,44.35,62.98,94,100,9.69,Rain,2020-08-02 19:09:39
251,Huilong,31.81,121.66,84.99,78,99,1.01,Clouds,2020-08-02 19:09:39
252,San Quintin,30.48,-115.95,80.29,53,0,8.39,Clear,2020-08-02 19:08:05
253,San Rafael,-34.62,-68.33,60.93,32,0,7.61,Clear,2020-08-02 19:06:34
254,Hinton,53.4,-117.59,81.0,47,23,4.23,Clouds,2020-08-02 19:09:39
255,Labuhan,-6.88,112.21,75.04,80,80,8.88,Clouds,2020-08-02 19:09:39
256,Leningradskiy,69.38,178.42,37.4,90,100,8.55,Clouds,2020-08-02 19:08:16
257,Nichinan,31.6,131.37,75.63,86,45,4.7,Clouds,2020-08-02 19:09:40
258,Yichang,30.71,111.28,81.0,79,100,1.3,Clouds,2020-08-02 19:09:40
259,Kitimat,54.05,-128.65,60.8,93,90,0.81,Rain,2020-08-02 19:08:08
260,Geraldton,-28.77,114.6,57.2,93,75,8.05,Clouds,2020-08-02 19:07:46
261,Bonoua,5.27,-3.6,78.8,78,20,9.17,Clouds,2020-08-02 19:00:42
262,Maroantsetra,-15.43,49.73,69.22,86,100,15.41,Rain,2020-08-02 19:09:40
263,Klyuchi,52.27,79.17,67.06,73,0,9.78,Clear,2020-08-02 19:03:58
264,Bukachacha,52.98,116.92,61.05,89,100,8.32,Clouds,2020-08-02 19:01:46
265,Kaseda,31.42,130.32,77.56,80,0,2.71,Clear,2020-08-02 19:09:40
266,Daoukro,7.06,-3.96,75.7,75,57,4.21,Clouds,2020-08-02 19:09:41
267,Okhotsk,59.38,143.3,53.38,78,0,1.34,Clear,2020-08-02 19:09:41
268,Cap-Aux-Meules,47.38,-61.86,77.0,69,40,12.75,Clouds,2020-08-02 19:09:39
269,Yendi,9.44,-0.01,75.7,83,86,4.54,Clouds,2020-08-02 19:09:41
270,Maniitsoq,65.42,-52.9,48.22,87,100,10.02,Clouds,2020-08-02 19:02:17
271,Kharp,66.8,65.81,59.54,85,100,5.84,Clouds,2020-08-02 19:09:41
272,Auki,-8.77,160.7,76.75,85,6,4.14,Clear,2020-08-02 19:08:08
273,Egvekinot,66.32,-179.17,43.57,70,12,1.57,Clouds,2020-08-02 19:08:06
274,Puerto Leguizamo,-0.19,-74.78,87.28,55,7,2.48,Rain,2020-08-02 19:09:41
275,Kloulklubed,7.04,134.26,84.45,75,100,6.87,Rain,2020-08-02 19:01:54
276,Svetlyy,54.67,20.13,66.2,68,22,4.47,Clouds,2020-08-02 19:01:11
277,Hasaki,35.73,140.83,69.8,100,20,3.36,Clouds,2020-08-02 19:08:06
278,Lovington,32.94,-103.35,93.99,24,5,6.93,Clear,2020-08-02 19:09:42
279,Kolokani,13.57,-8.03,80.51,80,33,7.52,Clouds,2020-08-02 19:09:42
280,Kismayo,-0.36,42.55,77.49,77,85,19.26,Rain,2020-08-02 19:09:42
281,Artyom,40.47,50.33,77.0,83,40,18.34,Clouds,2020-08-02 19:09:42
282,Severo-Yeniseyskiy,60.37,93.04,52.18,76,0,1.03,Clear,2020-08-02 19:09:42
283,Margate,51.38,1.39,70.0,60,100,1.99,Rain,2020-08-02 19:08:12
284,Palauig,15.44,119.9,81.16,72,100,6.85,Clouds,2020-08-02 19:09:42
285,Merauke,-8.47,140.33,74.08,82,5,12.15,Clear,2020-08-02 19:09:43
286,La Rioja,42.25,-2.5,69.8,56,40,5.82,Clouds,2020-08-02 19:09:43
287,Ewo,-0.87,14.82,81.01,63,100,5.21,Rain,2020-08-02 19:08:08
288,At-Bashi,41.17,75.81,55.87,60,2,1.88,Clear,2020-08-02 19:09:43
289,Malindi,-3.22,40.12,75.2,88,20,8.05,Clouds,2020-08-02 19:09:43
290,Kokopo,-4.35,152.26,77.31,85,92,5.75,Clouds,2020-08-02 19:09:43
291,Ixtapa,20.7,-105.2,89.01,74,75,5.82,Clouds,2020-08-02 19:00:50
292,Mangai,-4.05,19.53,83.37,39,55,2.48,Clouds,2020-08-02 19:09:43
293,Airai,-8.93,125.41,52.43,85,9,1.68,Clear,2020-08-02 19:07:32
294,Port Lincoln,-34.73,135.87,52.93,79,100,10.4,Clouds,2020-08-02 19:07:47
295,Fortuna,40.6,-124.16,68.0,76,4,1.01,Clear,2020-08-02 19:07:59
296,Mae Hong Son,19.3,97.97,76.44,88,100,1.3,Rain,2020-08-02 19:09:44
297,Belle Fourche,44.67,-103.85,78.01,44,1,11.41,Clear,2020-08-02 19:09:44
298,West Bay,19.37,-81.42,89.6,66,20,12.75,Clouds,2020-08-02 19:09:44
299,Roebourne,-20.78,117.13,67.89,66,79,8.84,Clouds,2020-08-02 19:09:44
300,Fairbanks,64.84,-147.72,66.2,72,1,6.93,Clear,2020-08-02 19:09:44
301,Tiarei,-17.53,-149.33,80.6,69,75,9.17,Clouds,2020-08-02 19:01:48
302,Iqaluit,63.75,-68.51,53.6,76,75,8.05,Clouds,2020-08-02 19:07:27
303,Lander,42.83,-108.73,82.4,21,1,3.36,Clear,2020-08-02 19:09:45
304,Dekar,-21.53,21.93,57.69,34,0,7.4,Clear,2020-08-02 19:09:45
305,Batagay-Alyta,67.8,130.41,49.24,75,100,1.92,Clouds,2020-08-02 19:09:45
306,Meadow Lake,34.8,-106.54,89.01,36,40,6.04,Clouds,2020-08-02 19:08:30
307,Port Hedland,-20.32,118.57,60.8,100,100,2.24,Clouds,2020-08-02 19:09:45
308,Aranos,-24.13,19.12,60.21,30,0,11.99,Clear,2020-08-02 19:09:45
309,Rasipuram,11.47,78.17,76.48,84,100,5.41,Rain,2020-08-02 19:09:45
310,Tres Arroyos,-38.37,-60.28,58.73,49,97,5.86,Clouds,2020-08-02 19:09:46
311,Jalu,29.03,21.55,90.81,33,0,16.51,Clear,2020-08-02 19:08:23
312,Morgan City,29.7,-91.21,88.0,66,75,3.36,Clouds,2020-08-02 19:09:46
313,Salym,60.06,71.48,68.2,91,62,6.08,Clouds,2020-08-02 19:08:22
314,Torbay,47.67,-52.73,64.0,82,75,16.11,Clouds,2020-08-02 19:05:18
315,Koslan,63.46,48.9,49.17,93,100,5.7,Clouds,2020-08-02 19:09:46
316,Alvdal,62.11,10.63,62.6,72,33,5.82,Clouds,2020-08-02 19:09:46
317,Kandi,11.13,2.94,76.28,89,100,4.81,Rain,2020-08-02 19:09:46
318,Nome,64.5,-165.41,57.99,76,1,3.36,Clear,2020-08-02 19:08:09
319,Dibulla,11.27,-73.31,87.55,71,90,8.48,Clouds,2020-08-02 19:09:47
320,Umba,66.69,34.34,53.53,76,100,1.43,Clouds,2020-08-02 19:09:47
321,Ayan,56.45,138.17,54.03,80,0,4.7,Clear,2020-08-02 19:01:59
322,Liepaja,56.54,21.04,62.6,77,14,4.7,Clouds,2020-08-02 19:09:47
323,Itoman,26.12,127.67,84.2,83,20,17.22,Clouds,2020-08-02 19:02:13
324,Anadyr,64.75,177.48,50.0,81,75,12.68,Rain,2020-08-02 19:09:47
325,Guerrero Negro,27.98,-114.06,84.94,47,27,15.05,Clouds,2020-08-02 19:07:33
326,Bonthe,7.53,-12.51,73.99,87,100,9.08,Clouds,2020-08-02 19:02:32
327,Hamilton,39.18,-84.53,79.0,64,75,10.29,Clouds,2020-08-02 19:05:46
328,Oloron-Sainte-Marie,43.19,-0.61,68.0,77,40,5.82,Clouds,2020-08-02 19:09:47
329,Kavaratti,10.57,72.64,82.44,79,100,21.94,Rain,2020-08-02 19:01:02
330,Georgetown,5.41,100.34,84.2,79,20,4.7,Clouds,2020-08-02 19:04:29
331,Nandi Hills,0.11,35.18,73.4,82,75,4.7,Clouds,2020-08-02 19:09:48
332,Severo-Kurilsk,50.68,156.12,52.56,84,100,8.5,Clouds,2020-08-02 19:07:26
333,Yeppoon,-23.13,150.73,62.6,63,90,5.82,Clouds,2020-08-02 19:09:48
334,Gayny,60.31,54.32,55.58,95,100,11.41,Rain,2020-08-02 19:09:48
335,Sao Filipe,14.9,-24.5,78.67,86,86,7.85,Clouds,2020-08-02 19:07:30
336,Gold Coast,-28.0,153.43,55.0,93,75,1.12,Clouds,2020-08-02 19:07:12
337,Beringovskiy,63.05,179.32,47.3,76,100,18.79,Clouds,2020-08-02 19:08:18
338,Esperance,-33.87,121.9,48.2,87,59,10.29,Rain,2020-08-02 19:07:46
339,Portland,45.52,-122.68,79.0,53,40,4.7,Clouds,2020-08-02 19:05:04
340,Krasnoye,49.91,24.61,64.4,68,0,4.47,Clear,2020-08-02 19:09:49
341,Boyolangu,-8.12,111.89,71.26,86,100,2.71,Clouds,2020-08-02 19:09:49
342,Tuatapere,-46.13,167.68,44.55,89,81,3.15,Clouds,2020-08-02 19:07:26
343,Santiago De Chuco,-8.15,-78.18,67.01,24,0,4.79,Clear,2020-08-02 19:09:49
344,Tarakan,3.3,117.63,79.02,85,92,6.87,Clouds,2020-08-02 19:09:49
345,Wasco,35.59,-119.34,91.0,18,1,6.93,Clear,2020-08-02 19:09:49
346,Imeni Poliny Osipenko,52.42,136.49,51.94,92,100,9.95,Clouds,2020-08-02 19:09:50
347,Olutanga,7.31,122.85,82.35,79,97,5.88,Clouds,2020-08-02 19:09:50
348,Arraial Do Cabo,-22.97,-42.03,75.2,53,40,10.29,Clouds,2020-08-02 19:07:36
349,Fare,-16.7,-151.02,78.93,78,87,12.15,Clouds,2020-08-02 19:09:50
350,Carahue,-38.7,-73.17,57.2,82,20,3.36,Clouds,2020-08-02 19:09:50
351,Methoni,36.82,21.7,79.0,69,0,3.36,Clear,2020-08-02 19:09:50
352,Cherskiy,68.75,161.3,48.51,76,79,3.02,Clouds,2020-08-02 19:07:32
353,Fort-De-France,14.61,-61.07,89.6,66,75,11.41,Clouds,2020-08-02 19:09:50
354,Ustrzyki Dolne,49.43,22.59,60.01,99,100,4.18,Clouds,2020-08-02 19:09:50
355,Cayenne,4.93,-52.33,84.2,70,67,5.82,Rain,2020-08-02 19:03:03
356,Kremsmunster,48.05,14.13,71.6,78,75,3.36,Clouds,2020-08-02 19:09:51
357,Isangel,-19.55,169.27,60.8,72,0,4.7,Clear,2020-08-02 19:07:20
358,Richards Bay,-28.78,32.04,66.06,77,0,15.75,Clear,2020-08-02 19:09:51
359,Lorengau,-2.02,147.27,81.59,80,40,12.19,Rain,2020-08-02 19:07:50
360,Melnikovo,56.56,84.08,61.0,88,18,1.01,Clouds,2020-08-02 19:09:51
361,Keuruu,62.27,24.7,60.8,93,40,3.36,Clouds,2020-08-02 19:03:41
362,Puri,19.8,85.85,80.6,100,75,6.93,Haze,2020-08-02 19:09:51
363,Saint-Joseph,-21.37,55.62,69.8,60,90,12.75,Clouds,2020-08-02 19:09:52
364,Axim,4.87,-2.24,74.14,78,0,8.21,Clear,2020-08-02 19:09:52
365,Barranca,-10.75,-77.77,65.19,71,10,9.78,Clear,2020-08-02 19:09:52
366,Sioux City,42.5,-96.4,77.0,50,40,11.41,Clouds,2020-08-02 19:09:06
367,Saint-Pierre,-21.34,55.48,69.8,60,90,12.75,Clouds,2020-08-02 19:07:41
368,Deputatskiy,69.3,139.9,45.37,85,42,2.62,Clouds,2020-08-02 19:00:54
369,Concarneau,47.88,-3.92,62.6,82,75,11.41,Clouds,2020-08-02 19:09:52
370,Bardiyah,31.76,25.09,77.41,87,0,10.31,Clear,2020-08-02 19:09:52
371,Abu Dhabi,24.47,54.37,95.0,75,0,4.7,Clear,2020-08-02 19:04:52
372,Yatsuo,36.57,137.13,77.0,74,72,6.4,Clouds,2020-08-02 19:09:53
373,Nizwa,22.93,57.53,92.91,39,3,4.23,Clear,2020-08-02 19:09:53
374,Ostrov,57.34,28.35,62.6,67,20,2.24,Clouds,2020-08-02 19:09:53
375,Tambun,-6.26,107.07,80.01,78,40,4.7,Mist,2020-08-02 19:09:53
376,Eskil,38.4,33.41,75.99,38,0,13.89,Clear,2020-08-02 19:09:53
377,Changping,40.22,116.22,79.0,94,0,6.11,Clear,2020-08-02 19:09:53
378,Vermilion,40.17,-87.75,80.6,65,40,9.17,Clouds,2020-08-02 19:09:53
379,Pevek,69.7,170.31,37.22,85,100,2.1,Clouds,2020-08-02 19:07:38
380,Berlevag,70.86,29.09,46.4,93,75,13.87,Drizzle,2020-08-02 19:08:02
381,Havoysund,71.0,24.66,51.8,81,75,1.12,Clouds,2020-08-02 19:09:54
382,San Patricio,19.22,-104.7,91.4,70,5,11.41,Clear,2020-08-02 19:07:32
383,Ancud,-41.87,-73.82,55.99,81,75,18.34,Clouds,2020-08-02 19:07:25
384,Zyryanovsk,49.74,84.27,55.62,78,0,3.38,Clear,2020-08-02 19:09:54
385,Dunedin,-45.87,170.5,48.99,89,92,4.97,Clouds,2020-08-02 19:09:54
386,Clovis,36.83,-119.7,93.99,23,20,4.7,Clouds,2020-08-02 19:09:54
387,Port-Gentil,-0.72,8.78,77.0,78,75,13.8,Clouds,2020-08-02 19:09:54
388,Altamont,42.21,-121.74,82.0,36,1,3.36,Clear,2020-08-02 19:09:54
389,Verkhoyansk,67.54,133.38,51.35,66,28,3.51,Clouds,2020-08-02 19:06:46
390,Pizarro,4.95,-77.37,84.13,73,28,9.6,Clouds,2020-08-02 19:09:55
391,Keti Bandar,24.14,67.45,86.79,79,68,15.43,Clouds,2020-08-02 19:09:55
392,Salekhard,66.53,66.6,61.47,79,100,10.07,Clouds,2020-08-02 19:09:55
393,Kysyl-Syr,63.9,122.76,53.94,64,0,3.76,Clear,2020-08-02 19:04:00
394,Miraflores,19.22,-98.81,75.2,50,75,5.82,Clouds,2020-08-02 19:09:55
395,Kjollefjord,70.95,27.35,50.0,87,75,2.24,Clouds,2020-08-02 19:01:52
396,Sao Miguel Do Araguaia,-13.28,-50.16,92.12,24,0,4.07,Clear,2020-08-02 19:09:55
397,Barra Patuca,15.8,-84.28,86.52,69,100,8.68,Clouds,2020-08-02 19:09:56
398,Kodinsk,58.69,99.18,60.58,72,100,2.73,Clouds,2020-08-02 19:09:56
399,Ismailia,30.6,32.27,80.92,56,0,7.2,Clear,2020-08-02 19:00:09
400,Sakaiminato,35.55,133.23,78.8,94,75,3.36,Clouds,2020-08-02 19:00:31
401,Sarangani,5.4,125.46,77.4,87,100,2.1,Rain,2020-08-02 19:09:56
402,Wanning,18.8,110.4,80.71,84,75,5.95,Clouds,2020-08-02 19:09:56
403,Kenora,49.82,-94.43,68.0,49,75,11.41,Clouds,2020-08-02 19:09:56
404,Kanigoro,-8.13,112.22,67.35,92,93,2.17,Clouds,2020-08-02 19:09:56
405,Bonavista,48.65,-53.11,62.01,85,37,11.99,Clouds,2020-08-02 19:08:24
406,Matagami,49.75,-77.63,60.8,82,90,14.99,Clouds,2020-08-02 19:09:57
407,Pokhara,28.23,83.98,74.7,82,87,1.63,Rain,2020-08-02 19:01:48
408,Khani,41.96,42.96,68.0,88,90,3.36,Clouds,2020-08-02 19:09:57
409,Yumen,40.28,97.2,68.22,23,0,13.91,Clear,2020-08-02 19:08:00
410,Luba,3.46,8.55,78.8,94,75,9.17,Clouds,2020-08-02 19:09:57
411,Antofagasta,-23.65,-70.4,59.0,72,20,11.41,Clouds,2020-08-02 19:00:04
412,Magan,39.97,-3.93,95.0,21,96,8.32,Clouds,2020-08-02 19:09:57
413,Teguldet,57.31,88.17,56.79,77,0,0.81,Clear,2020-08-02 19:09:57
414,Brae,60.4,-1.35,55.4,87,20,12.75,Clouds,2020-08-02 19:08:26
415,Loviisa,60.46,26.23,59.0,92,100,10.13,Clouds,2020-08-02 19:09:57
416,Biak,-0.91,122.88,75.2,84,100,4.03,Rain,2020-08-02 19:09:58
417,Broken Hill,-31.95,141.43,53.6,37,100,8.05,Clouds,2020-08-02 19:09:58
418,Upernavik,72.79,-56.15,43.61,65,100,7.65,Clouds,2020-08-02 19:07:49
419,General Roca,-39.03,-67.58,60.8,38,7,10.29,Clear,2020-08-02 19:09:59
420,Awjilah,29.11,21.29,89.46,36,0,16.06,Clear,2020-08-02 19:03:16
421,Marawi,8.0,124.29,77.0,90,100,4.0,Clouds,2020-08-02 19:07:43
422,Namatanai,-3.67,152.43,79.52,83,81,7.09,Rain,2020-08-02 19:08:30
423,Lasa,46.62,10.7,66.99,88,75,5.82,Thunderstorm,2020-08-02 19:07:48
424,Looc,12.26,121.99,81.5,81,100,4.52,Clouds,2020-08-02 19:09:59
425,Lisakovsk,52.54,62.49,76.59,37,7,13.29,Clear,2020-08-02 19:09:59
426,Kourou,5.16,-52.65,84.2,70,14,5.82,Rain,2020-08-02 19:10:00
427,Cedar City,37.68,-113.06,95.0,6,1,16.11,Clear,2020-08-02 19:10:00
428,Salinas,36.68,-121.66,68.0,64,1,5.82,Clear,2020-08-02 18:59:01
429,Sun City West,33.66,-112.34,105.01,27,20,4.5,Clouds,2020-08-02 19:07:30
430,Bereda,43.27,-7.54,66.99,80,100,11.99,Clouds,2020-08-02 19:10:00
431,Goundam,16.41,-3.67,97.92,30,9,7.18,Clear,2020-08-02 19:10:00
432,Kiama,-34.68,150.87,45.0,69,0,5.93,Clear,2020-08-02 19:10:00
433,Bluffton,32.24,-80.86,91.99,70,40,5.82,Clouds,2020-08-02 19:10:01
434,Kathmandu,27.72,85.32,73.4,94,75,6.93,Thunderstorm,2020-08-02 19:05:32
435,Carmen,18.63,-91.83,89.6,66,20,6.93,Clouds,2020-08-02 19:10:01
436,Ampanihy,-24.7,44.75,60.76,72,0,13.58,Clear,2020-08-02 19:10:01
437,Jackson,42.42,-122.83,82.99,37,1,3.44,Clear,2020-08-02 19:09:47
438,Olafsvik,64.89,-23.71,47.23,87,53,19.1,Clouds,2020-08-02 19:01:03
439,Chumikan,54.72,135.31,48.67,93,83,2.86,Clouds,2020-08-02 19:10:02
440,Goderich,43.75,-81.72,75.99,86,74,14.05,Rain,2020-08-02 19:08:37
441,Norman Wells,65.28,-126.83,66.2,82,40,8.05,Clouds,2020-08-02 19:07:43
442,Salta,-24.79,-65.41,82.4,21,0,5.08,Clear,2020-08-02 19:06:39
443,Pangody,65.85,74.49,61.56,66,17,9.17,Clouds,2020-08-02 19:01:35
444,Port Moresby,-9.44,147.18,73.4,88,75,3.36,Clouds,2020-08-02 19:01:04
445,La Ronge,55.1,-105.28,77.0,47,20,9.17,Clouds,2020-08-02 19:07:56
446,Srednekolymsk,67.45,153.68,54.91,60,72,2.13,Clouds,2020-08-02 19:01:07
447,Synya,65.37,58.04,55.35,96,100,5.93,Clouds,2020-08-02 19:10:03
448,Korfovskiy,48.22,135.06,59.0,87,90,17.9,Clouds,2020-08-02 19:10:04
449,Herford,52.13,8.68,68.0,88,50,3.36,Clouds,2020-08-02 19:10:04
450,Kutum,14.2,24.67,73.53,76,83,11.32,Rain,2020-08-02 19:10:04
451,Vila Velha,-20.33,-40.29,75.2,60,20,14.99,Clouds,2020-08-02 19:08:14
452,Nangong,37.36,115.37,82.36,80,100,11.1,Clouds,2020-08-02 19:05:06
453,The Pas,53.83,-101.25,73.4,43,1,4.38,Clear,2020-08-02 19:10:04
454,Berezovyy,51.67,135.7,52.36,90,100,3.83,Clouds,2020-08-02 19:10:05
455,Avera,33.19,-82.53,93.99,49,1,9.17,Clear,2020-08-02 19:10:05
456,Amga,60.9,131.96,58.53,55,100,2.26,Clouds,2020-08-02 19:10:05
457,Husavik,66.04,-17.34,53.6,81,90,8.05,Clouds,2020-08-02 19:08:01
458,Pisco,-13.7,-76.22,66.0,72,7,11.41,Clear,2020-08-02 19:07:44
459,Bukama,-9.2,25.85,76.87,25,0,6.53,Clear,2020-08-02 19:08:16
460,Inta,66.03,60.17,62.13,75,100,15.32,Clouds,2020-08-02 19:01:24
461,Plastun,44.76,136.29,64.98,94,100,1.57,Clouds,2020-08-02 19:10:06
462,Yerbogachen,61.28,108.01,56.03,69,0,4.23,Clear,2020-08-02 19:07:43
463,Nansio,-2.13,33.05,76.35,49,0,18.88,Clear,2020-08-02 19:10:06
464,Nelson Bay,-32.72,152.15,48.0,100,95,4.7,Clouds,2020-08-02 19:02:00
465,Adrar,20.5,-10.07,106.77,7,0,5.64,Clear,2020-08-02 19:10:06
466,Mantua,45.17,10.78,81.0,68,1,1.99,Rain,2020-08-02 19:10:06
467,Summerside,46.4,-63.79,82.4,48,75,5.82,Clouds,2020-08-02 19:10:06
468,Palmas,-10.21,-48.36,91.4,27,55,8.05,Clouds,2020-08-02 19:05:19
469,Teguise,29.06,-13.56,78.8,69,0,28.86,Clear,2020-08-02 19:01:39
470,Novomykolayivka,47.98,35.91,66.99,67,0,6.71,Clear,2020-08-02 19:10:07
471,Muros,42.78,-9.06,68.0,67,100,10.0,Clouds,2020-08-02 19:02:46
472,Lincoln,40.8,-96.67,77.0,61,75,12.75,Clouds,2020-08-02 19:10:07
473,Sao Joao Da Barra,-21.64,-41.05,77.0,53,20,13.87,Clouds,2020-08-02 19:05:04
474,Herat,34.5,62.0,72.63,21,0,13.38,Clear,2020-08-02 19:10:07
475,Aripuana,-9.17,-60.63,96.26,16,1,3.65,Clear,2020-08-02 19:10:07
476,Pauini,-7.71,-66.98,97.11,26,0,2.75,Clear,2020-08-02 19:10:07
477,Neuquen,-38.95,-68.06,60.8,38,16,10.29,Clouds,2020-08-02 19:01:00
478,Lovozero,68.0,35.01,47.8,89,100,4.52,Clouds,2020-08-02 19:10:08
479,Boda,4.32,17.47,71.58,93,100,3.62,Clouds,2020-08-02 19:10:08
480,Vieste,41.88,16.18,84.99,42,75,1.12,Clouds,2020-08-02 19:06:49
481,Oriximina,-1.77,-55.87,93.38,34,34,7.43,Clouds,2020-08-02 19:01:05
482,Haicheng,40.85,122.75,70.5,94,49,7.47,Clouds,2020-08-02 19:03:38
483,Sistranda,63.73,8.83,59.0,93,75,10.29,Clouds,2020-08-02 19:10:08
484,Mehamn,71.04,27.85,51.8,93,75,13.87,Drizzle,2020-08-02 19:08:16
485,Sindor,62.86,51.89,51.6,97,100,7.0,Rain,2020-08-02 19:10:09
486,Plettenberg Bay,-34.05,23.37,63.41,53,0,1.25,Clear,2020-08-02 19:03:28
487,Atakpame,7.53,1.13,74.37,82,8,2.86,Clear,2020-08-02 19:10:09
488,Hirado,33.36,129.55,77.0,83,100,12.8,Clouds,2020-08-02 19:10:10
489,Bismarck,46.81,-100.78,78.8,36,40,9.17,Clouds,2020-08-02 19:07:44
490,Visby,57.64,18.3,64.99,82,100,11.41,Rain,2020-08-02 19:10:10
491,Kibala,9.11,18.35,75.2,94,40,3.15,Clouds,2020-08-02 19:10:10
492,Guildford,51.24,-0.57,68.0,63,100,12.75,Clouds,2020-08-02 19:10:11
493,Sabha,27.04,14.43,88.29,13,0,6.73,Clear,2020-08-02 19:09:10
494,Yarada,17.65,83.27,80.6,88,75,8.05,Mist,2020-08-02 19:10:11
495,Kahului,20.89,-156.47,80.6,61,40,12.75,Clouds,2020-08-02 19:07:31
496,Kushnarenkovo,55.1,55.35,66.2,82,90,8.95,Rain,2020-08-02 19:10:11
497,Ratnagiri,16.98,73.3,78.4,90,100,14.92,Rain,2020-08-02 19:10:11
498,Inzer,54.22,57.56,62.33,89,92,5.28,Clouds,2020-08-02 19:10:11
499,Buin,-33.73,-70.75,66.99,29,1,4.7,Clear,2020-08-02 19:10:12
500,Pontes E Lacerda,-15.23,-59.34,98.04,16,0,4.92,Clear,2020-08-02 19:10:12
501,Chilakalurupet,16.08,80.17,84.15,67,100,19.6,Clouds,2020-08-02 19:10:12
502,Santa Vitoria Do Palmar,-33.52,-53.37,65.08,81,100,3.96,Clouds,2020-08-02 19:08:04
503,Cayeli,41.09,40.73,71.06,70,100,5.66,Clouds,2020-08-02 19:10:12
504,Passo De Camaragibe,-9.24,-35.49,75.2,88,75,8.05,Rain,2020-08-02 19:10:12
505,Panaba,21.28,-88.27,89.37,61,80,9.95,Clouds,2020-08-02 19:10:12
506,Songjianghe,42.19,127.48,63.7,97,100,0.92,Rain,2020-08-02 19:10:12
507,Sao Felix Do Xingu,-6.64,-51.99,92.25,31,100,6.38,Clouds,2020-08-02 19:08:29
508,Killybegs,54.63,-8.45,57.2,82,40,13.87,Clouds,2020-08-02 19:10:13
509,Vila Franca Do Campo,37.72,-25.43,75.2,64,20,8.05,Clouds,2020-08-02 19:07:29
510,Kayerkan,69.35,87.76,59.0,67,98,4.47,Clouds,2020-08-02 19:10:13
511,Raton,36.9,-104.44,86.0,29,1,5.82,Clear,2020-08-02 19:10:13
512,Sao Jose Da Coroa Grande,-8.9,-35.15,76.78,75,87,14.36,Clouds,2020-08-02 19:10:13
513,Xichang,27.9,102.26,66.33,78,36,2.84,Clouds,2020-08-02 19:01:42
514,Mount Gambier,-37.83,140.77,44.6,87,90,9.17,Clouds,2020-08-02 19:07:54
515,Greystones,53.14,-6.06,60.01,74,99,1.01,Rain,2020-08-02 19:10:14
516,Alyangula,-13.85,136.42,62.6,100,75,8.3,Clouds,2020-08-02 19:10:14
517,Snasa,64.25,12.38,64.4,82,75,4.7,Thunderstorm,2020-08-02 19:10:14
518,Hervey Bay,-25.3,152.85,60.01,81,19,4.0,Clouds,2020-08-02 19:10:14
519,Myrtle Beach,33.69,-78.89,91.0,84,1,12.75,Clear,2020-08-02 19:10:14
520,Buenos Aires,-34.61,-58.38,71.01,82,100,6.93,Clouds,2020-08-02 19:06:40
521,Glendive,47.11,-104.71,82.0,31,1,11.41,Clear,2020-08-02 19:10:14
522,Ponta Delgada,37.73,-25.67,75.2,64,20,8.05,Clouds,2020-08-02 19:08:08
523,Nova Vicosa,-17.89,-39.37,72.84,72,46,14.94,Rain,2020-08-02 19:10:15
524,Nioro,13.35,-15.75,78.44,88,100,3.38,Clouds,2020-08-02 19:10:15
525,Hereford,52.06,-2.71,64.99,57,61,7.14,Clouds,2020-08-02 19:10:15
526,Galle,6.04,80.22,79.14,87,100,10.4,Rain,2020-08-02 19:10:15
527,Yar-Sale,66.83,70.83,60.98,69,84,10.54,Clouds,2020-08-02 19:00:49
528,Samarai,-10.62,150.67,76.84,86,100,11.74,Rain,2020-08-02 19:07:32
529,Ligayan,4.65,119.47,83.05,68,96,2.73,Clouds,2020-08-02 19:10:15
530,Buraydah,26.33,43.98,104.0,19,9,6.93,Clear,2020-08-02 19:01:53
531,Dong Hoi,17.48,106.6,79.3,85,100,8.88,Clouds,2020-08-02 19:06:42
532,Linxia,35.6,103.21,64.08,64,100,1.79,Clouds,2020-08-02 19:10:16
533,Maluso,6.54,121.88,80.17,82,100,4.18,Rain,2020-08-02 19:10:16
534,Liverpool,53.41,-2.98,62.6,63,100,10.29,Clouds,2020-08-02 19:08:14
535,Ankang,32.68,109.02,77.27,83,98,1.72,Clouds,2020-08-02 19:10:16
536,Guymon,36.68,-101.48,82.4,51,1,13.87,Clear,2020-08-02 19:10:16
537,Tahoua,14.89,5.27,73.4,94,100,7.14,Rain,2020-08-02 19:10:16
538,Puerto Quijarro,-17.78,-57.77,96.8,19,0,5.66,Clear,2020-08-02 19:10:17
539,Martano,40.2,18.3,86.0,45,5,8.05,Clear,2020-08-02 19:10:17
540,Yantal,56.85,105.25,56.57,75,0,4.63,Clear,2020-08-02 19:10:17
541,Waverley,-25.7,28.26,59.0,37,0,1.12,Clear,2020-08-02 19:10:17
542,Keetmanshoop,-26.58,18.13,68.0,14,0,8.05,Clear,2020-08-02 19:10:17
543,Saint-Georges,12.06,-61.75,86.0,79,40,20.8,Clouds,2020-08-02 19:00:08
544,Olinda,-8.01,-34.86,80.6,65,75,20.8,Clouds,2020-08-02 19:08:33
545,Sechenovo,55.22,45.89,55.51,93,99,1.57,Rain,2020-08-02 19:10:18
546,Swan Hill,-35.34,143.55,46.8,63,100,5.14,Clouds,2020-08-02 19:10:18
547,Coihaique,-45.58,-72.07,46.4,65,75,1.72,Clouds,2020-08-02 19:08:00
548,Rantoul,40.31,-88.16,81.0,65,40,5.82,Clouds,2020-08-02 19:10:18
549,Bridlington,54.08,-0.19,64.4,55,67,9.17,Clouds,2020-08-02 19:10:18
550,Escarcega,18.61,-90.75,94.69,44,71,3.33,Clouds,2020-08-02 19:10:18
551,Ferme-Neuve,46.7,-75.45,65.26,95,100,7.85,Rain,2020-08-02 19:03:47
552,Ambilobe,-13.2,49.05,70.48,68,3,5.39,Clear,2020-08-02 19:07:42
553,Nenjiang,49.18,125.22,66.38,96,100,5.95,Rain,2020-08-02 19:10:19
554,Bandipur,27.93,84.42,70.75,100,100,2.13,Rain,2020-08-02 19:10:19
555,Senanga,-16.12,23.27,60.91,33,0,4.99,Clear,2020-08-02 19:10:19
556,Ithaki,38.36,20.72,84.2,79,0,8.05,Clear,2020-08-02 19:10:19
557,Saint-Germain-De-Grantham,45.83,-72.57,71.01,95,100,1.01,Rain,2020-08-02 19:10:19
558,Oktyabrskiy,54.48,53.47,58.91,89,0,2.17,Clear,2020-08-02 19:10:19
559,Haykashen,40.07,44.31,73.4,49,20,2.24,Clouds,2020-08-02 19:10:20
560,Tubmanburg,6.87,-10.82,72.95,94,100,3.51,Rain,2020-08-02 19:10:20
561,Tombouctou,20.0,-3.0,106.05,17,0,6.02,Clear,2020-08-02 19:02:12
562,Matamoros,25.53,-103.25,87.8,33,40,12.75,Clouds,2020-08-02 19:08:49
563,Grindavik,63.84,-22.43,51.8,81,75,16.11,Clouds,2020-08-02 19:07:38
564,Athni,16.73,75.07,73.44,82,100,21.72,Clouds,2020-08-02 19:07:05
565,Nyurba,63.28,118.33,53.94,75,0,3.53,Clear,2020-08-02 19:01:36
566,Zorritos,-3.68,-80.68,80.6,74,1,9.8,Clear,2020-08-02 19:10:20
567,Kalmar,56.66,16.36,66.2,82,100,9.17,Clouds,2020-08-02 19:10:21
568,Waitati,-45.75,170.57,48.99,90,60,3.0,Clouds,2020-08-02 19:10:21
569,Bam,29.11,58.36,92.79,21,96,11.43,Clouds,2020-08-02 19:02:06
570,Pascagoula,30.37,-88.56,96.8,47,75,5.82,Clouds,2020-08-02 19:05:58
571,Alihe,50.57,123.72,65.17,95,100,6.69,Rain,2020-08-02 19:10:21
572,Algiers,36.75,3.04,87.8,66,0,6.93,Clear,2020-08-02 19:01:28
573,Alofi,-19.06,-169.92,62.6,100,97,3.36,Clouds,2020-08-02 19:07:34
574,Carlisle,40.2,-77.19,91.0,57,1,3.0,Clear,2020-08-02 19:10:22
575,Anshun,26.25,105.93,66.2,95,90,1.48,Clouds,2020-08-02 19:10:22
576,Diapaga,12.07,1.79,78.39,83,100,6.04,Rain,2020-08-02 19:10:22
577,Bilibino,68.05,166.44,45.81,73,100,1.81,Clouds,2020-08-02 19:07:37
578,Price,39.6,-110.81,89.6,14,1,8.05,Clear,2020-08-02 19:05:53
579,Florianopolis,-27.61,-48.5,77.0,53,0,10.29,Clear,2020-08-02 19:10:22
580,Dzhebariki-Khaya,62.22,135.8,52.65,74,0,3.04,Clear,2020-08-02 19:10:22
581,Apatou,5.16,-54.35,81.97,91,100,2.51,Rain,2020-08-02 19:10:23
582,North Bend,43.41,-124.22,77.0,77,1,9.17,Clear,2020-08-02 19:06:18
583,Shenzhen,22.55,114.07,80.6,88,75,8.95,Rain,2020-08-02 19:10:23
584,Klaksvik,62.23,-6.59,50.0,100,100,12.75,Drizzle,2020-08-02 19:07:28
585,Aykhal,66.0,111.5,62.6,48,100,4.47,Clouds,2020-08-02 19:10:23
586,Venado Tuerto,-33.75,-61.97,73.0,55,71,13.0,Clouds,2020-08-02 19:10:23
587,Virginia Beach,36.85,-75.98,93.99,52,75,14.99,Clouds,2020-08-02 19:05:30
588,Saint Cloud,45.56,-94.16,72.0,46,20,13.87,Clouds,2020-08-02 19:09:20
589,Muncie,40.19,-85.39,78.8,65,75,10.29,Clouds,2020-08-02 19:10:24
590,Yenagoa,4.92,6.26,74.07,88,22,5.06,Clouds,2020-08-02 19:10:24
591,Sikasso,10.92,-7.0,76.28,90,0,5.19,Clear,2020-08-02 19:10:24
592,Saint-Augustin,51.23,-58.65,70.21,63,0,16.67,Clear,2020-08-02 19:07:38
593,Sisimiut,66.94,-53.67,52.45,67,34,12.41,Clouds,2020-08-02 19:08:25
594,Darhan,49.49,105.92,57.43,92,100,4.54,Rain,2020-08-02 19:10:24
595,Riyadh,24.69,46.72,105.8,13,40,6.93,Clouds,2020-08-02 19:01:13
596,Ballina,-28.87,153.57,51.01,100,79,6.55,Clouds,2020-08-02 19:07:29
597,Santa Cruz De Tenerife,28.47,-16.25,73.0,77,20,16.11,Clouds,2020-08-02 19:10:25
598,Fort Nelson,58.81,-122.7,73.4,53,75,11.41,Clouds,2020-08-02 19:10:25
599,Vostok,46.49,135.88,62.69,99,100,2.44,Clouds,2020-08-02 19:07:35
600,Huron,41.15,-82.55,68.0,91,96,5.01,Rain,2020-08-02 19:10:25
601,Iralaya,15.0,-83.23,89.6,70,40,9.17,Clouds,2020-08-02 19:10:25
602,Coquimbo,-29.95,-71.34,62.6,59,0,11.41,Clear,2020-08-02 19:07:52
603,Tranas,58.04,14.98,64.4,72,37,16.11,Clouds,2020-08-02 19:10:25
604,Rantauprapat,2.1,99.83,74.03,90,77,2.19,Clouds,2020-08-02 19:03:53
605,Fresnillo,23.17,-102.88,69.8,60,75,11.41,Clouds,2020-08-02 19:10:25
606,Russell,32.35,-85.2,93.99,41,20,3.36,Clouds,2020-08-02 19:00:44
607,Challans,46.84,-1.87,66.0,73,90,13.22,Clouds,2020-08-02 19:10:26
608,Gazli,40.13,63.45,81.63,22,0,8.52,Clear,2020-08-02 19:10:26
609,Rabo De Peixe,37.8,-25.58,75.2,64,20,8.05,Clouds,2020-08-02 19:10:26
610,Victoria Point,-27.58,153.3,55.4,93,75,9.17,Clouds,2020-08-02 19:10:26
611,Mahon,39.89,4.27,80.6,61,0,13.87,Clear,2020-08-02 19:07:45
612,Dunda,-8.12,34.25,59.86,58,0,2.75,Clear,2020-08-02 19:10:26
613,Camacha,33.08,-16.33,71.6,73,40,14.99,Clouds,2020-08-02 19:01:35
614,Mayo,38.89,-76.51,91.99,62,20,4.7,Clouds,2020-08-02 19:10:27
615,Oussouye,12.48,-16.55,82.4,88,40,9.17,Thunderstorm,2020-08-02 19:00:53
616,Kulhudhuffushi,6.62,73.07,82.36,81,100,19.3,Rain,2020-08-02 19:10:27
617,Vao,-22.67,167.48,67.75,72,0,14.12,Clear,2020-08-02 19:07:48
618,Kholtoson,50.3,103.31,54.0,72,100,2.64,Clouds,2020-08-02 19:03:05
619,Kibondo,-3.59,30.72,66.25,37,0,3.22,Clear,2020-08-02 19:10:27
620,Thunder Bay,48.4,-89.32,72.0,48,75,9.17,Clouds,2020-08-02 19:10:28
621,Athabasca,54.72,-113.29,74.75,72,3,9.26,Clear,2020-08-02 19:01:20
622,Kijang,35.24,129.21,78.8,83,75,10.29,Mist,2020-08-02 19:03:22
623,San Andres,12.58,-81.7,87.8,74,40,9.17,Clouds,2020-08-02 19:03:43
624,Zhigansk,66.77,123.37,53.56,67,100,11.01,Clouds,2020-08-02 19:04:05
625,Byron Bay,-28.65,153.62,51.01,100,92,6.44,Clouds,2020-08-02 19:10:28
626,Labrea,-7.26,-64.8,98.28,21,0,3.44,Clear,2020-08-02 19:10:28
627,Usinsk,65.99,57.53,57.07,93,100,10.16,Clouds,2020-08-02 19:10:28
628,Santa Pola,38.19,-0.57,84.0,74,0,5.82,Clear,2020-08-02 19:10:29
629,Kambove,-10.88,26.6,58.91,41,72,5.97,Clouds,2020-08-02 19:10:29
630,Prince Rupert,54.32,-130.32,59.0,100,90,3.18,Clouds,2020-08-02 19:04:01
631,Dinghai,26.28,119.79,82.4,83,20,11.18,Clouds,2020-08-02 19:10:29
632,Altay,47.87,88.12,62.35,48,0,9.04,Clear,2020-08-02 19:10:29
633,Pandan,14.05,124.17,79.41,80,100,3.8,Clouds,2020-08-02 19:00:56
634,Poum,-20.23,164.02,69.04,59,11,5.7,Clouds,2020-08-02 19:08:04
635,Tiznit,29.58,-9.5,89.08,28,26,1.99,Clouds,2020-08-02 19:08:31
636,Kizukuri,40.81,140.39,73.99,93,59,3.83,Clouds,2020-08-02 19:10:30
637,Bangassou,4.74,22.82,70.79,96,100,3.04,Rain,2020-08-02 19:10:30
638,Mitu,1.2,-70.17,90.16,45,95,4.07,Clouds,2020-08-02 19:08:32
639,Churapcha,62.0,132.43,53.47,70,100,4.07,Clouds,2020-08-02 19:03:46
640,Quatre Cocos,-20.21,57.76,69.8,73,75,17.22,Clouds,2020-08-02 19:07:57
641,Wilmington,34.23,-77.94,93.2,49,1,10.29,Clear,2020-08-02 19:10:30
642,Petropavl,54.88,69.16,71.6,57,13,5.61,Clouds,2020-08-02 19:06:30
643,Farsund,58.09,6.8,57.99,83,10,15.26,Clear,2020-08-02 19:10:30
644,Dubbo,-32.25,148.62,35.6,100,94,5.82,Clouds,2020-08-02 19:04:06
645,Maceio,-9.67,-35.74,75.2,88,75,8.05,Rain,2020-08-02 19:01:59
646,Ginda,30.69,78.49,66.43,89,48,0.94,Clouds,2020-08-02 19:10:31
647,Gizo,-8.1,156.84,80.85,79,6,8.79,Clear,2020-08-02 19:10:31
648,Praia Da Vitoria,38.73,-27.07,78.8,57,40,10.69,Clouds,2020-08-02 19:07:33
649,Umea,63.83,20.26,59.0,87,40,5.82,Clouds,2020-08-02 19:06:32
650,Perbaungan,3.57,98.96,78.8,94,40,3.36,Clouds,2020-08-02 19:10:31
651,Ucluelet,48.93,-125.55,62.6,93,90,9.17,Rain,2020-08-02 19:07:15
652,Kuroishi,40.64,140.59,73.99,89,76,3.0,Clouds,2020-08-02 19:01:44
653,Dunmore Town,25.5,-76.65,83.64,80,100,23.98,Rain,2020-08-02 19:10:32
654,Sokoni,-6.43,39.55,76.73,79,0,13.51,Rain,2020-08-02 19:10:32
655,Inirida,3.87,-67.92,86.83,66,51,1.07,Rain,2020-08-02 19:03:20
656,Palizada,18.25,-92.08,89.6,66,20,6.93,Clouds,2020-08-02 19:10:32
657,Sitka,57.05,-135.33,57.2,87,90,5.82,Mist,2020-08-02 19:08:07
658,Sinop,41.77,34.87,58.35,83,0,2.37,Clear,2020-08-02 19:10:32
659,Lexington Park,38.27,-76.45,93.99,63,40,14.99,Clouds,2020-08-02 19:10:33
660,Burns Lake,54.23,-125.75,66.51,57,100,1.74,Clouds,2020-08-02 19:10:33
661,Korla,41.76,86.15,83.43,19,14,9.22,Clouds,2020-08-02 19:07:51
662,Emerald,-23.53,148.17,53.6,81,8,3.36,Clear,2020-08-02 19:10:33
663,Corralillo,22.98,-80.59,89.26,64,100,2.3,Rain,2020-08-02 19:10:33
664,Horsham,51.06,-0.33,66.99,63,100,10.29,Clouds,2020-08-02 19:10:33
665,Sturgeon Bay,44.83,-87.38,73.4,64,90,11.41,Clouds,2020-08-02 19:09:50
666,Victor Harbor,-35.57,138.62,50.0,99,100,5.68,Clouds,2020-08-02 19:01:36
667,Laguna,38.42,-121.42,84.0,47,1,3.36,Clear,2020-08-02 19:08:13
668,Portree,57.41,-6.19,54.0,74,68,3.0,Rain,2020-08-02 19:10:34
669,Beyneu,45.32,55.2,88.41,18,100,15.32,Clouds,2020-08-02 19:08:07
670,Shitanjing,39.23,106.34,72.23,22,7,3.0,Clear,2020-08-02 19:10:34
671,Shihezi,44.3,86.03,78.44,24,86,3.22,Clouds,2020-08-02 19:10:34
672,Sobolevo,54.43,31.9,54.05,86,2,3.27,Clear,2020-08-02 19:03:10
673,Sokolniki,50.64,21.81,72.0,54,98,6.98,Clouds,2020-08-02 19:10:34
674,Mach,29.86,67.33,92.25,17,0,2.73,Clear,2020-08-02 19:10:35
675,Chara,56.91,118.26,55.87,89,100,2.26,Rain,2020-08-02 19:03:46
676,Bilma,18.69,12.92,95.68,26,59,0.22,Clouds,2020-08-02 19:08:12
677,Romodanovo,54.43,45.33,54.63,91,46,2.64,Clouds,2020-08-02 19:10:35
678,Abu Zabad,12.35,29.25,74.19,81,99,8.57,Clouds,2020-08-02 19:10:35
679,Chapeco,-27.1,-52.62,78.8,65,0,6.93,Clear,2020-08-02 19:08:47
680,Qasigiannguit,68.82,-51.19,50.0,61,20,5.82,Clouds,2020-08-02 19:03:17
681,Douglas,41.3,-96.17,78.8,54,40,8.05,Clouds,2020-08-02 19:10:35
682,Bat Khela,34.62,71.97,83.55,61,0,4.18,Clear,2020-08-02 19:10:36
683,Havre-Saint-Pierre,50.23,-63.6,77.0,57,1,12.75,Clear,2020-08-02 19:10:36
684,Mae Sot,16.72,98.57,75.47,93,100,7.96,Rain,2020-08-02 19:10:36
685,Semirom,31.42,51.57,62.22,35,0,4.14,Clear,2020-08-02 19:10:36
686,Sabang,5.89,95.32,83.07,76,100,22.88,Clouds,2020-08-02 19:03:55
687,Araouane,18.9,-3.53,103.35,22,0,7.31,Clear,2020-08-02 19:10:36
688,Pemba,-12.97,40.52,75.18,78,0,17.9,Rain,2020-08-02 19:10:37
689,Yibin,28.77,104.62,77.25,91,100,1.77,Clouds,2020-08-02 19:10:37
690,Hollins,37.34,-79.94,87.8,45,40,12.75,Clouds,2020-08-02 19:10:37
691,Chabahar,25.29,60.64,84.15,81,72,15.23,Clouds,2020-08-02 19:10:37
692,Cuetzalan,20.03,-97.52,95.0,50,75,9.17,Clouds,2020-08-02 19:10:37
693,Tornio,65.85,24.15,59.0,72,33,3.36,Clouds,2020-08-02 19:10:37
694,Bantilan,14.75,121.67,81.61,72,100,5.06,Clouds,2020-08-02 19:10:37
695,Burnie,-41.07,145.92,46.0,88,100,5.01,Rain,2020-08-02 19:10:37
696,Arman,59.7,150.17,52.74,72,0,3.2,Clear,2020-08-02 19:01:56
697,Mbandaka,0.05,18.26,74.32,84,1,4.92,Rain,2020-08-02 19:01:40
698,Tucuma,-0.18,-50.05,87.67,57,4,8.61,Clear,2020-08-02 19:10:38
699,Tukrah,32.53,20.58,78.8,85,0,4.05,Clear,2020-08-02 19:03:08
700,Carutapera,-1.2,-46.02,83.59,69,3,8.9,Rain,2020-08-02 19:10:38
701,Two Rivers,44.15,-87.57,73.99,78,20,9.17,Clouds,2020-08-02 19:10:38
